"zip_file","blog","entry_type","entry_title","status","entry_id","output_qmd","source_feed","source_filename"
"takeout-20260223T235336Z-3-001.zip","(My Journal) Fed By Faith","PAGE","Fed By Faith","LIVE","8045349539390461920","C:\Users\darre\OneDrive\_Coding\Coding_Repos\darrellwolfe\drafts\pages\my-journal-fed-by-faith\2013-04-15-fed-by-faith.qmd","Takeout/Blogger/Blogs/(My Journal) Fed By Faith/feed.atom","/p/fed-by-faith.html"
"takeout-20260223T235336Z-3-001.zip","(My Journal) Fed By Faith","PAGE","2014 The Vision","LIVE","7919587754745105569","C:\Users\darre\OneDrive\_Coding\Coding_Repos\darrellwolfe\drafts\pages\my-journal-fed-by-faith\2014-01-06-2014-vision.qmd","Takeout/Blogger/Blogs/(My Journal) Fed By Faith/feed.atom","/p/2014-vision.html"
"takeout-20260223T235336Z-3-001.zip","(My Journal) Fed By Faith","PAGE","Sayings to Live By","LIVE","7010077934124963566","C:\Users\darre\OneDrive\_Coding\Coding_Repos\darrellwolfe\drafts\pages\my-journal-fed-by-faith\2014-01-23-sayings-to-live-by.qmd","Takeout/Blogger/Blogs/(My Journal) Fed By Faith/feed.atom","/p/sayings-to-live-by.html"
"takeout-20260223T235336Z-3-001.zip","(My Journal) Fed By Faith","PAGE","Daily Routine","LIVE","8276637019018362461","C:\Users\darre\OneDrive\_Coding\Coding_Repos\darrellwolfe\drafts\pages\my-journal-fed-by-faith\2014-07-06-my-daily-routine-set-day-in-order-5-10.qmd","Takeout/Blogger/Blogs/(My Journal) Fed By Faith/feed.atom","/p/my-daily-routine-set-day-in-order-5-10.html"
"takeout-20260223T235336Z-3-001.zip","(My Journal) Fed By Faith","PAGE","Answers Page","LIVE","587239992542396726","C:\Users\darre\OneDrive\_Coding\Coding_Repos\darrellwolfe\drafts\pages\my-journal-fed-by-faith\2016-06-19-answers-page.qmd","Takeout/Blogger/Blogs/(My Journal) Fed By Faith/feed.atom","/p/answers-page.html"
"takeout-20260223T235336Z-3-001.zip","(My Journal) Fed By Faith","PAGE","Prayer List","LIVE","967971837681514435","C:\Users\darre\OneDrive\_Coding\Coding_Repos\darrellwolfe\drafts\pages\my-journal-fed-by-faith\2016-06-19-prayer-list.qmd","Takeout/Blogger/Blogs/(My Journal) Fed By Faith/feed.atom","/p/prayer-list.html"
"takeout-20260223T235336Z-3-001.zip","1520923594909568292","PAGE","Vision","LIVE","6265309938258368992","C:\Users\darre\OneDrive\_Coding\Coding_Repos\darrellwolfe\drafts\pages\1520923594909568292\2012-02-09-vision.qmd","Takeout/Blogger/Blogs/1520923594909568292/feed.atom","/p/vision.html"
"takeout-20260223T235336Z-3-001.zip","Azarea Anne Wolfe - Journal","PAGE","About You","LIVE","5233479390158150509","C:\Users\darre\OneDrive\_Coding\Coding_Repos\darrellwolfe\drafts\pages\azarea-anne-wolfe-journal\2012-05-23-about-you.qmd","Takeout/Blogger/Blogs/Azarea Anne Wolfe - Journal/feed.atom","/p/about-you.html"
"takeout-20260223T235336Z-3-001.zip","Biblical Hebrew Crash Course","PAGE","Resources","LIVE","3246657697883880040","C:\Users\darre\OneDrive\_Coding\Coding_Repos\darrellwolfe\drafts\pages\biblical-hebrew-crash-course\2021-11-12-resources.qmd","Takeout/Blogger/Blogs/Biblical Hebrew Crash Course/feed.atom","/p/resources.html"
"takeout-20260223T235336Z-3-001.zip","Biblical Hebrew Crash Course","PAGE","Start Here","LIVE","8415050177738213364","C:\Users\darre\OneDrive\_Coding\Coding_Repos\darrellwolfe\drafts\pages\biblical-hebrew-crash-course\2021-11-12-start-here.qmd","Takeout/Blogger/Blogs/Biblical Hebrew Crash Course/feed.atom","/p/start-here.html"
"takeout-20260223T235336Z-3-001.zip","Biblical Hebrew Crash Course","PAGE","Untitled Page","DRAFT","1994536343495898681","C:\Users\darre\OneDrive\_Coding\Coding_Repos\darrellwolfe\drafts\pages\biblical-hebrew-crash-course\2021-11-12-untitled-page.qmd","Takeout/Blogger/Blogs/Biblical Hebrew Crash Course/feed.atom",""
"takeout-20260223T235336Z-3-001.zip","Bulldog Publications","PAGE","BB4B Preview: Money","LIVE","7960027257660468308","C:\Users\darre\OneDrive\_Coding\Coding_Repos\darrellwolfe\drafts\pages\bulldog-publications\2012-06-26-bb4b-preview-money.qmd","Takeout/Blogger/Blogs/Bulldog Publications/feed.atom","/p/bb4b-preview-money.html"
"takeout-20260223T235336Z-3-001.zip","Bulldog Publications","PAGE","About","LIVE","4045512245796600479","C:\Users\darre\OneDrive\_Coding\Coding_Repos\darrellwolfe\drafts\pages\bulldog-publications\2013-04-05-about.qmd","Takeout/Blogger/Blogs/Bulldog Publications/feed.atom","/p/about.html"
"takeout-20260223T235336Z-3-001.zip","Church Finder","PAGE","About","LIVE","4209049644429067723","C:\Users\darre\OneDrive\_Coding\Coding_Repos\darrellwolfe\drafts\pages\church-finder\2012-05-24-about.qmd","Takeout/Blogger/Blogs/Church Finder/feed.atom","/p/about.html"
"takeout-20260223T235336Z-3-001.zip","Connor David Wolfe - Journal","PAGE","About You","LIVE","3709267637290710352","C:\Users\darre\OneDrive\_Coding\Coding_Repos\darrellwolfe\drafts\pages\connor-david-wolfe-journal\2012-05-23-about-you.qmd","Takeout/Blogger/Blogs/Connor David Wolfe - Journal/feed.atom","/p/about-you.html"
"takeout-20260223T235336Z-3-001.zip","Cornerstone Restaurants","PAGE","Restaurant Research","LIVE","1542921167208609714","C:\Users\darre\OneDrive\_Coding\Coding_Repos\darrellwolfe\drafts\pages\cornerstone-restaurants\2016-06-05-restaurant-research.qmd","Takeout/Blogger/Blogs/Cornerstone Restaurants/feed.atom","/p/restaurant-research.html"
"takeout-20260223T235336Z-3-001.zip","Cornerstone Restaurants","PAGE","Start Here |  About","LIVE","4288917102302006062","C:\Users\darre\OneDrive\_Coding\Coding_Repos\darrellwolfe\drafts\pages\cornerstone-restaurants\2016-06-05-start-here-about.qmd","Takeout/Blogger/Blogs/Cornerstone Restaurants/feed.atom","/p/start-here-about.html"
"takeout-20260223T235336Z-3-001.zip","Cornerstone Restaurants","PAGE","The Sods Shop","LIVE","6373234686176837158","C:\Users\darre\OneDrive\_Coding\Coding_Repos\darrellwolfe\drafts\pages\cornerstone-restaurants\2016-06-05-the-sods-shop.qmd","Takeout/Blogger/Blogs/Cornerstone Restaurants/feed.atom","/p/the-sods-shop.html"
"takeout-20260223T235336Z-3-001.zip","Creatively Unique Arts","PAGE","About Us","LIVE","8752313048676323556","C:\Users\darre\OneDrive\_Coding\Coding_Repos\darrellwolfe\drafts\pages\creatively-unique-arts\2017-11-28-about-us.qmd","Takeout/Blogger/Blogs/Creatively Unique Arts/feed.atom","/p/about-us.html"
"takeout-20260223T235336Z-3-001.zip","Creatively Unique Arts","PAGE","Contact","LIVE","7988092528429677902","C:\Users\darre\OneDrive\_Coding\Coding_Repos\darrellwolfe\drafts\pages\creatively-unique-arts\2017-11-28-contact.qmd","Takeout/Blogger/Blogs/Creatively Unique Arts/feed.atom","/p/contact.html"
"takeout-20260223T235336Z-3-001.zip","Creatives' Space","PAGE","Learning","LIVE","4673924438563286535","C:\Users\darre\OneDrive\_Coding\Coding_Repos\darrellwolfe\drafts\pages\creatives-space\2015-10-19-learning.qmd","Takeout/Blogger/Blogs/Creatives_ Space/feed.atom","/p/learning.html"
"takeout-20260223T235336Z-3-001.zip","Creatives' Space","PAGE","Support","LIVE","4111112296766807903","C:\Users\darre\OneDrive\_Coding\Coding_Repos\darrellwolfe\drafts\pages\creatives-space\2015-10-19-support.qmd","Takeout/Blogger/Blogs/Creatives_ Space/feed.atom","/p/support.html"
"takeout-20260223T235336Z-3-001.zip","Creatives' Space","PAGE","Fabric and Fiber Arts","LIVE","796784647659671490","C:\Users\darre\OneDrive\_Coding\Coding_Repos\darrellwolfe\drafts\pages\creatives-space\2015-11-15-fabric-and-fiber-arts.qmd","Takeout/Blogger/Blogs/Creatives_ Space/feed.atom","/p/fabric-and-fiber-arts.html"
"takeout-20260223T235336Z-3-001.zip","Creatives' Space","PAGE","Music and Audio","LIVE","4195460806027997620","C:\Users\darre\OneDrive\_Coding\Coding_Repos\darrellwolfe\drafts\pages\creatives-space\2015-11-15-music-and-audio.qmd","Takeout/Blogger/Blogs/Creatives_ Space/feed.atom","/p/music-and-audio.html"
"takeout-20260223T235336Z-3-001.zip","Creatives' Space","PAGE","Painting","LIVE","1764262149642170491","C:\Users\darre\OneDrive\_Coding\Coding_Repos\darrellwolfe\drafts\pages\creatives-space\2015-11-15-painting.qmd","Takeout/Blogger/Blogs/Creatives_ Space/feed.atom","/p/painting.html"
"takeout-20260223T235336Z-3-001.zip","Creatives' Space","PAGE","Supplies","LIVE","6875390997384386365","C:\Users\darre\OneDrive\_Coding\Coding_Repos\darrellwolfe\drafts\pages\creatives-space\2015-11-15-supplies.qmd","Takeout/Blogger/Blogs/Creatives_ Space/feed.atom","/p/supplies.html"
"takeout-20260223T235336Z-3-001.zip","Darrell Wolfe, Storyteller","PAGE","Daily Quite Time Guide","LIVE","4055708392342025142","C:\Users\darre\OneDrive\_Coding\Coding_Repos\darrellwolfe\drafts\pages\darrell-wolfe-storyteller\2017-04-24-daily-routine.qmd","Takeout/Blogger/Blogs/Darrell Wolfe, Storyteller/feed.atom","/p/daily-routine.html"
"takeout-20260223T235336Z-3-001.zip","Darrell Wolfe, Storyteller","PAGE","Affiliate Disclosure: Disclosure of Material Connection","LIVE","5856186985419661710","C:\Users\darre\OneDrive\_Coding\Coding_Repos\darrellwolfe\drafts\pages\darrell-wolfe-storyteller\2018-04-28-affiliate-disclosure-disclosure-of.qmd","Takeout/Blogger/Blogs/Darrell Wolfe, Storyteller/feed.atom","/p/affiliate-disclosure-disclosure-of.html"
"takeout-20260223T235336Z-3-001.zip","Darrell Wolfe, Storyteller","PAGE","A Simple Privacy Policy","LIVE","6284356282961678406","C:\Users\darre\OneDrive\_Coding\Coding_Repos\darrellwolfe\drafts\pages\darrell-wolfe-storyteller\2018-04-28-a-simple-privacy-policy.qmd","Takeout/Blogger/Blogs/Darrell Wolfe, Storyteller/feed.atom","/p/a-simple-privacy-policy.html"
"takeout-20260223T235336Z-3-001.zip","Darrell Wolfe, Storyteller","PAGE","Personal, Spiritual, and Professional Growth","LIVE","4677077098914255326","C:\Users\darre\OneDrive\_Coding\Coding_Repos\darrellwolfe\drafts\pages\darrell-wolfe-storyteller\2018-04-28-personal-and-spiritual-growth.qmd","Takeout/Blogger/Blogs/Darrell Wolfe, Storyteller/feed.atom","/p/personal-and-spiritual-growth.html"
"takeout-20260223T235336Z-3-001.zip","Darrell Wolfe, Storyteller","PAGE","Sayings To Live By","LIVE","3938443888329499148","C:\Users\darre\OneDrive\_Coding\Coding_Repos\darrellwolfe\drafts\pages\darrell-wolfe-storyteller\2019-02-22-sayings-to-live-by.qmd","Takeout/Blogger/Blogs/Darrell Wolfe, Storyteller/feed.atom","/p/sayings-to-live-by.html"
"takeout-20260223T235336Z-3-001.zip","Darrell Wolfe, Storyteller","PAGE","Writing StoryCraft Database","LIVE","2304655444108369224","C:\Users\darre\OneDrive\_Coding\Coding_Repos\darrellwolfe\drafts\pages\darrell-wolfe-storyteller\2019-02-26-writing-craft-database.qmd","Takeout/Blogger/Blogs/Darrell Wolfe, Storyteller/feed.atom","/p/writing-craft-database.html"
"takeout-20260223T235336Z-3-001.zip","Darrell Wolfe, Storyteller","PAGE","Start Here...","LIVE","5388137268254561393","C:\Users\darre\OneDrive\_Coding\Coding_Repos\darrellwolfe\drafts\pages\darrell-wolfe-storyteller\2020-02-19-resources.qmd","Takeout/Blogger/Blogs/Darrell Wolfe, Storyteller/feed.atom","/p/resources.html"
"takeout-20260223T235336Z-3-001.zip","Darrell Wolfe, Storyteller","PAGE","Book Store: Fiction","LIVE","3617856336633846637","C:\Users\darre\OneDrive\_Coding\Coding_Repos\darrellwolfe\drafts\pages\darrell-wolfe-storyteller\2020-04-01-fiction.qmd","Takeout/Blogger/Blogs/Darrell Wolfe, Storyteller/feed.atom","/p/fiction.html"
"takeout-20260223T235336Z-3-001.zip","Darrell Wolfe, Storyteller","PAGE","Book Store: Nonfiction","LIVE","1989937199762474544","C:\Users\darre\OneDrive\_Coding\Coding_Repos\darrellwolfe\drafts\pages\darrell-wolfe-storyteller\2020-04-01-write-better-learn-your-craft-books.qmd","Takeout/Blogger/Blogs/Darrell Wolfe, Storyteller/feed.atom","/p/write-better-learn-your-craft-books.html"
"takeout-20260223T235336Z-3-001.zip","Darrell Wolfe, Storyteller","PAGE","Character Bible","LIVE","4280542133149987495","C:\Users\darre\OneDrive\_Coding\Coding_Repos\darrellwolfe\drafts\pages\darrell-wolfe-storyteller\2023-12-25-character-bible-24.qmd","Takeout/Blogger/Blogs/Darrell Wolfe, Storyteller/feed.atom","/p/character-bible_24.html"
"takeout-20260223T235336Z-3-001.zip","Darrell Wolfe, Storyteller","PAGE","My Suggestions","LIVE","5337724988005000855","C:\Users\darre\OneDrive\_Coding\Coding_Repos\darrellwolfe\drafts\pages\darrell-wolfe-storyteller\2023-12-25-my-suggestions-24.qmd","Takeout/Blogger/Blogs/Darrell Wolfe, Storyteller/feed.atom","/p/my-suggestions_24.html"
"takeout-20260223T235336Z-3-001.zip","Darrell Wolfe, Storyteller","PAGE","My Links","LIVE","6769772550561384600","C:\Users\darre\OneDrive\_Coding\Coding_Repos\darrellwolfe\drafts\pages\darrell-wolfe-storyteller\2024-03-22-my-links.qmd","Takeout/Blogger/Blogs/Darrell Wolfe, Storyteller/feed.atom","/p/my-links.html"
"takeout-20260223T235336Z-3-001.zip","Darrell's Idea Central (Random Idea Catalogue)","PAGE","Books","DRAFT","279495247376551181","C:\Users\darre\OneDrive\_Coding\Coding_Repos\darrellwolfe\drafts\pages\darrell-s-idea-central-random-idea-catalogue\2016-05-20-books.qmd","Takeout/Blogger/Blogs/Darrell_s Idea Central (Random Idea Catalogue)/feed.atom","/p/books.html"
"takeout-20260223T235336Z-3-001.zip","Darrell's Idea Central (Random Idea Catalogue)","PAGE","D. G. Wolfe - About","DRAFT","8269240396116189793","C:\Users\darre\OneDrive\_Coding\Coding_Repos\darrellwolfe\drafts\pages\darrell-s-idea-central-random-idea-catalogue\2017-01-26-darrells-about-page.qmd","Takeout/Blogger/Blogs/Darrell_s Idea Central (Random Idea Catalogue)/feed.atom","/p/darrells-about-page.html"
"takeout-20260223T235336Z-3-001.zip","Darrell's Idea Central (Random Idea Catalogue)","PAGE","HTML Tests","LIVE","5219371117640930505","C:\Users\darre\OneDrive\_Coding\Coding_Repos\darrellwolfe\drafts\pages\darrell-s-idea-central-random-idea-catalogue\2017-12-11-html-tests.qmd","Takeout/Blogger/Blogs/Darrell_s Idea Central (Random Idea Catalogue)/feed.atom","/p/html-tests.html"
"takeout-20260223T235336Z-3-001.zip","Destination Coeur d'Alene, Idaho","PAGE","Start Here | A Journey","LIVE","345280568267182010","C:\Users\darre\OneDrive\_Coding\Coding_Repos\darrellwolfe\drafts\pages\destination-coeur-d-alene-idaho\2016-06-05-start-here-journey.qmd","Takeout/Blogger/Blogs/Destination Coeur d_Alene, Idaho/feed.atom","/p/start-here-journey.html"
"takeout-20260223T235336Z-3-001.zip","Destination Coeur d'Alene, Idaho","PAGE","Coeur d'Alene (CDA) ID | Resources","LIVE","401893488033306968","C:\Users\darre\OneDrive\_Coding\Coding_Repos\darrellwolfe\drafts\pages\destination-coeur-d-alene-idaho\2016-06-06-cda-resources.qmd","Takeout/Blogger/Blogs/Destination Coeur d_Alene, Idaho/feed.atom","/p/cda-resources.html"
"takeout-20260223T235336Z-3-001.zip","Discerning The Time","PAGE","Q&A Threads","LIVE","4536499656399020911","C:\Users\darre\OneDrive\_Coding\Coding_Repos\darrellwolfe\drafts\pages\discerning-the-time\2014-04-01-q-threads.qmd","Takeout/Blogger/Blogs/Discerning The Time/feed.atom","/p/q-threads.html"
"takeout-20260223T235336Z-3-001.zip","Discerning The Time","PAGE","The History Of The World - 101","LIVE","5729678787570915083","C:\Users\darre\OneDrive\_Coding\Coding_Repos\darrellwolfe\drafts\pages\discerning-the-time\2015-08-08-the.qmd","Takeout/Blogger/Blogs/Discerning The Time/feed.atom","/p/the.html"
"takeout-20260223T235336Z-3-001.zip","Discerning The Time","PAGE","Resources | Suggestions","LIVE","6332935391282335534","C:\Users\darre\OneDrive\_Coding\Coding_Repos\darrellwolfe\drafts\pages\discerning-the-time\2018-02-28-resources.qmd","Takeout/Blogger/Blogs/Discerning The Time/feed.atom","/p/resources.html"
"takeout-20260223T235336Z-3-001.zip","Discerning The Time","PAGE","START HERE: About","LIVE","4797552606822543451","C:\Users\darre\OneDrive\_Coding\Coding_Repos\darrellwolfe\drafts\pages\discerning-the-time\2018-02-28-start-here-about.qmd","Takeout/Blogger/Blogs/Discerning The Time/feed.atom","/p/start-here-about.html"
"takeout-20260223T235336Z-3-001.zip","Egg Head Antics","PAGE","Store","LIVE","8122846340525729861","C:\Users\darre\OneDrive\_Coding\Coding_Repos\darrellwolfe\drafts\pages\egg-head-antics\2013-05-14-blog-page.qmd","Takeout/Blogger/Blogs/Egg Head Antics/feed.atom","/p/blog-page.html"
"takeout-20260223T235336Z-3-001.zip","El Amor de Calvario","PAGE","Photos | Fotos","LIVE","7008125095387907528","C:\Users\darre\OneDrive\_Coding\Coding_Repos\darrellwolfe\drafts\pages\el-amor-de-calvario\2019-06-21-gallary.qmd","Takeout/Blogger/Blogs/El Amor de Calvario/feed.atom","/p/gallary.html"
"takeout-20260223T235336Z-3-001.zip","El Amor de Calvario","PAGE","Ministries | Ministerios","DRAFT","4790372956093421653","C:\Users\darre\OneDrive\_Coding\Coding_Repos\darrellwolfe\drafts\pages\el-amor-de-calvario\2019-06-21-ministries.qmd","Takeout/Blogger/Blogs/El Amor de Calvario/feed.atom","/p/ministries.html"
"takeout-20260223T235336Z-3-001.zip","El Amor de Calvario","PAGE","About Us | Sobre Nosotros","LIVE","227750595991238690","C:\Users\darre\OneDrive\_Coding\Coding_Repos\darrellwolfe\drafts\pages\el-amor-de-calvario\2019-06-23-about-us.qmd","Takeout/Blogger/Blogs/El Amor de Calvario/feed.atom","/p/about-us.html"
"takeout-20260223T235336Z-3-001.zip","El Amor de Calvario","PAGE","Our History DRAFT","DRAFT","9015288672069734298","C:\Users\darre\OneDrive\_Coding\Coding_Repos\darrellwolfe\drafts\pages\el-amor-de-calvario\2019-06-23-our-history-draft.qmd","Takeout/Blogger/Blogs/El Amor de Calvario/feed.atom","/p/our-history-draft.html"
"takeout-20260223T235336Z-3-001.zip","El Amor de Calvario","PAGE","Welcome | Bienvenido","LIVE","6274548107967380142","C:\Users\darre\OneDrive\_Coding\Coding_Repos\darrellwolfe\drafts\pages\el-amor-de-calvario\2019-06-23-welcome.qmd","Takeout/Blogger/Blogs/El Amor de Calvario/feed.atom","/p/welcome.html"
"takeout-20260223T235336Z-3-001.zip","Eleutheria  | Freedom Theology","PAGE","Start Here | About","DRAFT","6122205179953342532","C:\Users\darre\OneDrive\_Coding\Coding_Repos\darrellwolfe\drafts\pages\eleutheria-freedom-theology\2021-06-11-start-here-about.qmd","Takeout/Blogger/Blogs/Eleutheria  _ Freedom Theology /feed.atom",""
"takeout-20260223T235336Z-3-001.zip","Forefront Entertainment","PAGE","About","LIVE","4979874040241624878","C:\Users\darre\OneDrive\_Coding\Coding_Repos\darrellwolfe\drafts\pages\forefront-entertainment\2012-01-02-about.qmd","Takeout/Blogger/Blogs/Forefront Entertainment/feed.atom","/p/about.html"
"takeout-20260223T235336Z-3-001.zip","Grief Sucks","PAGE","Start Here","DRAFT","724131800840495054","C:\Users\darre\OneDrive\_Coding\Coding_Repos\darrellwolfe\drafts\pages\grief-sucks\2019-05-27-start-here.qmd","Takeout/Blogger/Blogs/Grief Sucks/feed.atom","/p/start-here.html"
"takeout-20260223T235336Z-3-001.zip","Grief Sucks","PAGE","Adrianne Butwell","LIVE","2579614625349914595","C:\Users\darre\OneDrive\_Coding\Coding_Repos\darrellwolfe\drafts\pages\grief-sucks\2019-06-11-adrianne-butwell.qmd","Takeout/Blogger/Blogs/Grief Sucks/feed.atom","/p/adrianne-butwell.html"
"takeout-20260223T235336Z-3-001.zip","Grief Sucks","PAGE","Darrell Wolfe","LIVE","7995507248371985681","C:\Users\darre\OneDrive\_Coding\Coding_Repos\darrellwolfe\drafts\pages\grief-sucks\2019-06-11-darrell-wolfe.qmd","Takeout/Blogger/Blogs/Grief Sucks/feed.atom","/p/darrell-wolfe.html"
"takeout-20260223T235336Z-3-001.zip","Grief Sucks","PAGE","About Us","LIVE","7973174020547646694","C:\Users\darre\OneDrive\_Coding\Coding_Repos\darrellwolfe\drafts\pages\grief-sucks\2019-11-29-about-us.qmd","Takeout/Blogger/Blogs/Grief Sucks/feed.atom","/p/about-us.html"
"takeout-20260223T235336Z-3-001.zip","Grief Sucks","PAGE","Resources","LIVE","9040042390790345961","C:\Users\darre\OneDrive\_Coding\Coding_Repos\darrellwolfe\drafts\pages\grief-sucks\2019-11-29-resources.qmd","Takeout/Blogger/Blogs/Grief Sucks/feed.atom","/p/resources.html"
"takeout-20260223T235336Z-3-001.zip","Grief Sucks","PAGE","Start Here!","LIVE","8351122069428245865","C:\Users\darre\OneDrive\_Coding\Coding_Repos\darrellwolfe\drafts\pages\grief-sucks\2019-11-29-start-here-29.qmd","Takeout/Blogger/Blogs/Grief Sucks/feed.atom","/p/start-here_29.html"
"takeout-20260223T235336Z-3-001.zip","It's Author Fun","PAGE","Character Bible","LIVE","7357817075416725881","C:\Users\darre\OneDrive\_Coding\Coding_Repos\darrellwolfe\drafts\pages\it-s-author-fun\2016-10-04-character-bible.qmd","Takeout/Blogger/Blogs/It_s Author Fun/feed.atom","/p/character-bible.html"
"takeout-20260223T235336Z-3-001.zip","It's Author Fun","PAGE","My Suggestions","LIVE","2658292136946121501","C:\Users\darre\OneDrive\_Coding\Coding_Repos\darrellwolfe\drafts\pages\it-s-author-fun\2016-10-11-affiliate-store.qmd","Takeout/Blogger/Blogs/It_s Author Fun/feed.atom","/p/affiliate-store.html"
"takeout-20260223T235336Z-3-001.zip","It's Author Fun","PAGE","Start Here","LIVE","4020005994005796378","C:\Users\darre\OneDrive\_Coding\Coding_Repos\darrellwolfe\drafts\pages\it-s-author-fun\2016-10-11-what-is-this.qmd","Takeout/Blogger/Blogs/It_s Author Fun/feed.atom","/p/what-is-this.html"
"takeout-20260223T235336Z-3-001.zip","Kaylee Debra Wolfe - Journal","PAGE","About You","LIVE","2298312823946691619","C:\Users\darre\OneDrive\_Coding\Coding_Repos\darrellwolfe\drafts\pages\kaylee-debra-wolfe-journal\2012-05-23-about-you.qmd","Takeout/Blogger/Blogs/Kaylee Debra Wolfe - Journal/feed.atom","/p/about-you.html"
"takeout-20260223T235336Z-3-001.zip","Life In North Idaho","PAGE","Local Resources","LIVE","3481790518843896103","C:\Users\darre\OneDrive\_Coding\Coding_Repos\darrellwolfe\drafts\pages\life-in-north-idaho\2017-04-12-local-resources.qmd","Takeout/Blogger/Blogs/Life In North Idaho/feed.atom","/p/local-resources.html"
"takeout-20260223T235336Z-3-001.zip","Life In North Idaho","PAGE","START HERE | About","LIVE","7931751860170703008","C:\Users\darre\OneDrive\_Coding\Coding_Repos\darrellwolfe\drafts\pages\life-in-north-idaho\2017-04-12-start-here-about.qmd","Takeout/Blogger/Blogs/Life In North Idaho/feed.atom","/p/start-here-about.html"
"takeout-20260223T235336Z-3-001.zip","LIFE in Review (s)","PAGE","Start HERE | About","LIVE","5784036243077060920","C:\Users\darre\OneDrive\_Coding\Coding_Repos\darrellwolfe\drafts\pages\life-in-review-s\2016-05-29-start-here.qmd","Takeout/Blogger/Blogs/LIFE in Review (s)/feed.atom","/p/start-here.html"
"takeout-20260223T235336Z-3-001.zip","LIFE in Review (s)","PAGE","Who Am I?","LIVE","228710882396321177","C:\Users\darre\OneDrive\_Coding\Coding_Repos\darrellwolfe\drafts\pages\life-in-review-s\2016-05-29-who-am-i.qmd","Takeout/Blogger/Blogs/LIFE in Review (s)/feed.atom","/p/who-am-i.html"
"takeout-20260223T235336Z-3-001.zip","LIFE in Review (s)","PAGE","Resources","LIVE","1421766868229946720","C:\Users\darre\OneDrive\_Coding\Coding_Repos\darrellwolfe\drafts\pages\life-in-review-s\2016-06-13-resources.qmd","Takeout/Blogger/Blogs/LIFE in Review (s)/feed.atom","/p/resources.html"
"takeout-20260223T235336Z-3-001.zip","Meals and Manuscripts (MM) - Working Title","PAGE","Vision & Values","LIVE","3452876449737376682","C:\Users\darre\OneDrive\_Coding\Coding_Repos\darrellwolfe\drafts\pages\meals-and-manuscripts-mm-working-title\2023-08-27-vision-values.qmd","Takeout/Blogger/Blogs/Meals and Manuscripts (MM) - Working Title/feed.atom","/p/vision-values.html"
"takeout-20260223T235336Z-3-001.zip","Meals and Manuscripts (MM) - Working Title","PAGE","New? Start Here","LIVE","379903112756542272","C:\Users\darre\OneDrive\_Coding\Coding_Repos\darrellwolfe\drafts\pages\meals-and-manuscripts-mm-working-title\2023-08-28-new-start-here.qmd","Takeout/Blogger/Blogs/Meals and Manuscripts (MM) - Working Title/feed.atom","/p/new-start-here.html"
"takeout-20260223T235336Z-3-001.zip","N2 Good Success Resource Center","PAGE","About","LIVE","4509512758492300116","C:\Users\darre\OneDrive\_Coding\Coding_Repos\darrellwolfe\drafts\pages\n2-good-success-resource-center\2013-12-18-aboutcontact.qmd","Takeout/Blogger/Blogs/N2 Good Success Resource Center/feed.atom","/p/aboutcontact.html"
"takeout-20260223T235336Z-3-001.zip","N2 Good Success Resource Center","PAGE","Links","LIVE","5097275813043729329","C:\Users\darre\OneDrive\_Coding\Coding_Repos\darrellwolfe\drafts\pages\n2-good-success-resource-center\2013-12-18-blog-page.qmd","Takeout/Blogger/Blogs/N2 Good Success Resource Center/feed.atom","/p/blog-page.html"
"takeout-20260223T235336Z-3-001.zip","N2 Good Success Resource Center","PAGE","The Blog","LIVE","6441347315023404916","C:\Users\darre\OneDrive\_Coding\Coding_Repos\darrellwolfe\drafts\pages\n2-good-success-resource-center\2013-12-18-the-blog.qmd","Takeout/Blogger/Blogs/N2 Good Success Resource Center/feed.atom","/p/the-blog.html"
"takeout-20260223T235336Z-3-001.zip","NoHiding.Faith","PAGE","Start Here - Reconstructing The Way of Yeshua","LIVE","5739030499467595948","C:\Users\darre\OneDrive\_Coding\Coding_Repos\darrellwolfe\drafts\pages\nohiding-faith\2022-02-22-blog-page.qmd","Takeout/Blogger/Blogs/NoHiding.Faith/feed.atom","/p/blog-page.html"
"takeout-20260223T235336Z-3-001.zip","NoHiding.Faith","PAGE","Connect","LIVE","7182112948835291302","C:\Users\darre\OneDrive\_Coding\Coding_Repos\darrellwolfe\drafts\pages\nohiding-faith\2022-02-22-connect.qmd","Takeout/Blogger/Blogs/NoHiding.Faith/feed.atom","/p/connect.html"
"takeout-20260223T235336Z-3-001.zip","NoHiding.Faith","PAGE","Resources","LIVE","102376560627552705","C:\Users\darre\OneDrive\_Coding\Coding_Repos\darrellwolfe\drafts\pages\nohiding-faith\2022-02-22-resources.qmd","Takeout/Blogger/Blogs/NoHiding.Faith/feed.atom","/p/resources.html"
"takeout-20260223T235336Z-3-001.zip","NoHiding.Faith","PAGE","AFFILIATE BLOCK TEMPLATE","DRAFT","2067510557540137715","C:\Users\darre\OneDrive\_Coding\Coding_Repos\darrellwolfe\drafts\pages\nohiding-faith\2022-03-19-affiliate-block-template.qmd","Takeout/Blogger/Blogs/NoHiding.Faith/feed.atom","/p/affiliate-block-template.html"
"takeout-20260223T235336Z-3-001.zip","NoHiding.Faith","PAGE","Theological Library","LIVE","540486932673724401","C:\Users\darre\OneDrive\_Coding\Coding_Repos\darrellwolfe\drafts\pages\nohiding-faith\2022-03-19-theological-library-your-one-stop-bible.qmd","Takeout/Blogger/Blogs/NoHiding.Faith/feed.atom","/p/theological-library-your-one-stop-bible.html"
"takeout-20260223T235336Z-3-001.zip","NoHiding.Faith","PAGE","NoHiding Bible School","DRAFT","5627202946398183045","C:\Users\darre\OneDrive\_Coding\Coding_Repos\darrellwolfe\drafts\pages\nohiding-faith\2022-06-17-nohiding-bible-school.qmd","Takeout/Blogger/Blogs/NoHiding.Faith/feed.atom",""
"takeout-20260223T235336Z-3-001.zip","NoHiding.Faith","PAGE","The NoHiding Bible School for Normal People","LIVE","2692190250044870352","C:\Users\darre\OneDrive\_Coding\Coding_Repos\darrellwolfe\drafts\pages\nohiding-faith\2022-06-17-the-nohiding-bible-school-for-normal.qmd","Takeout/Blogger/Blogs/NoHiding.Faith/feed.atom","/p/the-nohiding-bible-school-for-normal.html"
"takeout-20260223T235336Z-3-001.zip","NoHiding.Faith","PAGE","Audio/Visual Resources: Podcasts/YouTube Channels","LIVE","1027756235237158859","C:\Users\darre\OneDrive\_Coding\Coding_Repos\darrellwolfe\drafts\pages\nohiding-faith\2022-08-18-podcastsyoutube-channels.qmd","Takeout/Blogger/Blogs/NoHiding.Faith/feed.atom","/p/podcastsyoutube-channels.html"
"takeout-20260223T235336Z-3-001.zip","NoHiding.Faith","PAGE","Resources: Books & Blogs","DRAFT","6731879029033861052","C:\Users\darre\OneDrive\_Coding\Coding_Repos\darrellwolfe\drafts\pages\nohiding-faith\2022-08-18-resources-books-blogs.qmd","Takeout/Blogger/Blogs/NoHiding.Faith/feed.atom","/p/resources-books-blogs.html"
"takeout-20260223T235336Z-3-001.zip","NoHiding.Faith","PAGE","Written Resources: Scholars & Thinkers","LIVE","8053197098868489588","C:\Users\darre\OneDrive\_Coding\Coding_Repos\darrellwolfe\drafts\pages\nohiding-faith\2022-08-18-resources-scholars-thinkers.qmd","Takeout/Blogger/Blogs/NoHiding.Faith/feed.atom","/p/resources-scholars-thinkers.html"
"takeout-20260223T235336Z-3-001.zip","NoHiding.Faith","PAGE","Wolfe Bible Institute","LIVE","6411115643147581902","C:\Users\darre\OneDrive\_Coding\Coding_Repos\darrellwolfe\drafts\pages\nohiding-faith\2022-10-05-bible.qmd","Takeout/Blogger/Blogs/NoHiding.Faith/feed.atom","/p/bible.html"
"takeout-20260223T235336Z-3-001.zip","NoHiding.Faith","PAGE","Recommended: My top quick-start suggestions to Reconstructing a biblical healthy faith","LIVE","5323956368233013399","C:\Users\darre\OneDrive\_Coding\Coding_Repos\darrellwolfe\drafts\pages\nohiding-faith\2022-10-05-recommend.qmd","Takeout/Blogger/Blogs/NoHiding.Faith/feed.atom","/p/recommend.html"
"takeout-20260223T235336Z-3-001.zip","NoHiding.Faith","PAGE","Store","LIVE","2625671833433918317","C:\Users\darre\OneDrive\_Coding\Coding_Repos\darrellwolfe\drafts\pages\nohiding-faith\2023-01-24-store.qmd","Takeout/Blogger/Blogs/NoHiding.Faith/feed.atom","/p/store.html"
"takeout-20260223T235336Z-3-001.zip","Preston Markus Wolfe - Journal","PAGE","About You","LIVE","6459341004263252269","C:\Users\darre\OneDrive\_Coding\Coding_Repos\darrellwolfe\drafts\pages\preston-markus-wolfe-journal\2012-05-23-about-you.qmd","Takeout/Blogger/Blogs/Preston Markus Wolfe - Journal/feed.atom","/p/about-you.html"
"takeout-20260223T235336Z-3-001.zip","Reserved for Connor","PAGE","About You","LIVE","7180126750717258500","C:\Users\darre\OneDrive\_Coding\Coding_Repos\darrellwolfe\drafts\pages\reserved-for-connor\2012-05-23-about-you.qmd","Takeout/Blogger/Blogs/Reserved for Connor/feed.atom","/p/about-you.html"
"takeout-20260223T235336Z-3-001.zip","Reserved for Preston","PAGE","About You","LIVE","1051589125749497886","C:\Users\darre\OneDrive\_Coding\Coding_Repos\darrellwolfe\drafts\pages\reserved-for-preston\2012-05-23-about-you.qmd","Takeout/Blogger/Blogs/Reserved for Preston/feed.atom","/p/about-you.html"
"takeout-20260223T235336Z-3-001.zip","Sunrise Scentworks","PAGE","START HERE","LIVE","6794749418529228476","C:\Users\darre\OneDrive\_Coding\Coding_Repos\darrellwolfe\drafts\pages\sunrise-scentworks\2022-05-24-start-here.qmd","Takeout/Blogger/Blogs/Sunrise Scentworks/feed.atom","/p/start-here.html"
"takeout-20260223T235336Z-3-001.zip","Tech Knowledge Storage","PAGE","Affiliates","LIVE","6080821864031521467","C:\Users\darre\OneDrive\_Coding\Coding_Repos\darrellwolfe\drafts\pages\tech-knowledge-storage\2012-04-27-affiliates.qmd","Takeout/Blogger/Blogs/Tech Knowledge Storage/feed.atom","/p/affiliates.html"
"takeout-20260223T235336Z-3-001.zip","Tech Knowledge Storage","PAGE","Social Media","LIVE","8897504885300378155","C:\Users\darre\OneDrive\_Coding\Coding_Repos\darrellwolfe\drafts\pages\tech-knowledge-storage\2012-04-27-another-page.qmd","Takeout/Blogger/Blogs/Tech Knowledge Storage/feed.atom","/p/another-page.html"
"takeout-20260223T235336Z-3-001.zip","Tech Knowledge Storage","PAGE","The Look","LIVE","8104987054023039291","C:\Users\darre\OneDrive\_Coding\Coding_Repos\darrellwolfe\drafts\pages\tech-knowledge-storage\2012-04-29-look.qmd","Takeout/Blogger/Blogs/Tech Knowledge Storage/feed.atom","/p/look.html"
"takeout-20260223T235336Z-3-001.zip","Tech Knowledge Storage","PAGE","About","LIVE","535743313104258535","C:\Users\darre\OneDrive\_Coding\Coding_Repos\darrellwolfe\drafts\pages\tech-knowledge-storage\2012-05-02-about.qmd","Takeout/Blogger/Blogs/Tech Knowledge Storage/feed.atom","/p/about.html"
"takeout-20260223T235336Z-3-001.zip","Tech Knowledge Storage","PAGE","Blogger VS Wordpress","LIVE","5115816858715481738","C:\Users\darre\OneDrive\_Coding\Coding_Repos\darrellwolfe\drafts\pages\tech-knowledge-storage\2012-05-02-who-to-use.qmd","Takeout/Blogger/Blogs/Tech Knowledge Storage/feed.atom","/p/who-to-use.html"
"takeout-20260223T235336Z-3-001.zip","TEST TCC","PAGE","Art Room","DRAFT","7741716474044906181","C:\Users\darre\OneDrive\_Coding\Coding_Repos\darrellwolfe\drafts\pages\test-tcc\2012-06-10-art-room.qmd","Takeout/Blogger/Blogs/TEST TCC/feed.atom","/p/art-room.html"
"takeout-20260223T235336Z-3-001.zip","TEST TCC","PAGE","For Kids","DRAFT","7035422223651100568","C:\Users\darre\OneDrive\_Coding\Coding_Repos\darrellwolfe\drafts\pages\test-tcc\2012-06-10-for-kids.qmd","Takeout/Blogger/Blogs/TEST TCC/feed.atom","/p/for-kids.html"
"takeout-20260223T235336Z-3-001.zip","TEST TCC","PAGE","Jewelry","DRAFT","288715039839770320","C:\Users\darre\OneDrive\_Coding\Coding_Repos\darrellwolfe\drafts\pages\test-tcc\2012-06-10-jewelry-10.qmd","Takeout/Blogger/Blogs/TEST TCC/feed.atom","/p/jewelry_10.html"
"takeout-20260223T235336Z-3-001.zip","TEST TCC","PAGE","Pinata Banks","DRAFT","3503184521135432012","C:\Users\darre\OneDrive\_Coding\Coding_Repos\darrellwolfe\drafts\pages\test-tcc\2012-06-10-pinata-banks.qmd","Takeout/Blogger/Blogs/TEST TCC/feed.atom","/p/pinata-banks.html"
"takeout-20260223T235336Z-3-001.zip","TEST TCC","PAGE","Rope Bowls","DRAFT","8379014904260250629","C:\Users\darre\OneDrive\_Coding\Coding_Repos\darrellwolfe\drafts\pages\test-tcc\2012-06-10-rope-bowls.qmd","Takeout/Blogger/Blogs/TEST TCC/feed.atom","/p/rope-bowls.html"
"takeout-20260223T235336Z-3-001.zip","TEST TCC","PAGE","Sewing Fun","LIVE","3343061470978624140","C:\Users\darre\OneDrive\_Coding\Coding_Repos\darrellwolfe\drafts\pages\test-tcc\2012-06-10-sewing-fun.qmd","Takeout/Blogger/Blogs/TEST TCC/feed.atom","/p/sewing-fun.html"
"takeout-20260223T235336Z-3-001.zip","TEST TCC","PAGE","Button-Hole Earrings","LIVE","1287322313164361621","C:\Users\darre\OneDrive\_Coding\Coding_Repos\darrellwolfe\drafts\pages\test-tcc\2012-06-11-button-hole-earrings.qmd","Takeout/Blogger/Blogs/TEST TCC/feed.atom","/p/button-hole-earrings.html"
"takeout-20260223T235336Z-3-001.zip","TEST TCC","PAGE","About Us","LIVE","6211721902581022087","C:\Users\darre\OneDrive\_Coding\Coding_Repos\darrellwolfe\drafts\pages\test-tcc\2012-06-17-about-us.qmd","Takeout/Blogger/Blogs/TEST TCC/feed.atom","/p/about-us.html"
"takeout-20260223T235336Z-3-001.zip","TEST TCC","PAGE","Books","LIVE","2379889293987132913","C:\Users\darre\OneDrive\_Coding\Coding_Repos\darrellwolfe\drafts\pages\test-tcc\2012-06-17-books.qmd","Takeout/Blogger/Blogs/TEST TCC/feed.atom","/p/books.html"
"takeout-20260223T235336Z-3-001.zip","Texas Cows and Crafts","PAGE","About","LIVE","8741308012503800818","C:\Users\darre\OneDrive\_Coding\Coding_Repos\darrellwolfe\drafts\pages\texas-cows-and-crafts\2014-03-13-about-us.qmd","Takeout/Blogger/Blogs/Texas Cows and Crafts/feed.atom","/p/about-us.html"
"takeout-20260223T235336Z-3-001.zip","Texas Cows and Crafts","PAGE","Artastic!","LIVE","231842898116408875","C:\Users\darre\OneDrive\_Coding\Coding_Repos\darrellwolfe\drafts\pages\texas-cows-and-crafts\2014-03-13-art.qmd","Takeout/Blogger/Blogs/Texas Cows and Crafts/feed.atom","/p/art.html"
"takeout-20260223T235336Z-3-001.zip","Texas Cows and Crafts","PAGE","Current Shows","LIVE","8919903913392927386","C:\Users\darre\OneDrive\_Coding\Coding_Repos\darrellwolfe\drafts\pages\texas-cows-and-crafts\2014-03-13-current-shows.qmd","Takeout/Blogger/Blogs/Texas Cows and Crafts/feed.atom","/p/current-shows.html"
"takeout-20260223T235336Z-3-001.zip","Texas Cows and Crafts","PAGE","Dolls","LIVE","2976180870289285062","C:\Users\darre\OneDrive\_Coding\Coding_Repos\darrellwolfe\drafts\pages\texas-cows-and-crafts\2014-03-13-dolls.qmd","Takeout/Blogger/Blogs/Texas Cows and Crafts/feed.atom","/p/dolls.html"
"takeout-20260223T235336Z-3-001.zip","Texas Cows and Crafts","PAGE","Jewelry","LIVE","4354860551929969638","C:\Users\darre\OneDrive\_Coding\Coding_Repos\darrellwolfe\drafts\pages\texas-cows-and-crafts\2014-03-13-jewelry-2.qmd","Takeout/Blogger/Blogs/Texas Cows and Crafts/feed.atom","/p/jewelry_2.html"
"takeout-20260223T235336Z-3-001.zip","Texas Cows and Crafts","PAGE","Kiddos","LIVE","1025510297036482724","C:\Users\darre\OneDrive\_Coding\Coding_Repos\darrellwolfe\drafts\pages\texas-cows-and-crafts\2014-03-13-kids-2.qmd","Takeout/Blogger/Blogs/Texas Cows and Crafts/feed.atom","/p/kids_2.html"
"takeout-20260223T235336Z-3-001.zip","Texas Cows and Crafts","PAGE","Learnables","LIVE","6694132715720972514","C:\Users\darre\OneDrive\_Coding\Coding_Repos\darrellwolfe\drafts\pages\texas-cows-and-crafts\2014-03-13-learnables.qmd","Takeout/Blogger/Blogs/Texas Cows and Crafts/feed.atom","/p/learnables.html"
"takeout-20260223T235336Z-3-001.zip","Texas Cows and Crafts","PAGE","Slideshow","LIVE","8169868033970696278","C:\Users\darre\OneDrive\_Coding\Coding_Repos\darrellwolfe\drafts\pages\texas-cows-and-crafts\2014-03-13-slideshow.qmd","Takeout/Blogger/Blogs/Texas Cows and Crafts/feed.atom","/p/slideshow.html"
"takeout-20260223T235336Z-3-001.zip","Texas Cows and Crafts","PAGE","Store","LIVE","8826191110503763009","C:\Users\darre\OneDrive\_Coding\Coding_Repos\darrellwolfe\drafts\pages\texas-cows-and-crafts\2014-03-13-store-2.qmd","Takeout/Blogger/Blogs/Texas Cows and Crafts/feed.atom","/p/store_2.html"
"takeout-20260223T235336Z-3-001.zip","Texas Cows and Crafts","PAGE","Threads","LIVE","4752703174418094860","C:\Users\darre\OneDrive\_Coding\Coding_Repos\darrellwolfe\drafts\pages\texas-cows-and-crafts\2014-03-13-threads.qmd","Takeout/Blogger/Blogs/Texas Cows and Crafts/feed.atom","/p/threads.html"
"takeout-20260223T235336Z-3-001.zip","Texas Cows and Crafts","PAGE","Page Not Found","LIVE","8854873789924778562","C:\Users\darre\OneDrive\_Coding\Coding_Repos\darrellwolfe\drafts\pages\texas-cows-and-crafts\2016-06-06-page-not-found.qmd","Takeout/Blogger/Blogs/Texas Cows and Crafts/feed.atom","/p/page-not-found.html"
"takeout-20260223T235336Z-3-001.zip","The Dirty Pastor","PAGE","Resources","LIVE","610512126646512053","C:\Users\darre\OneDrive\_Coding\Coding_Repos\darrellwolfe\drafts\pages\the-dirty-pastor\2020-09-01-resources.qmd","Takeout/Blogger/Blogs/The Dirty Pastor/feed.atom","/p/resources.html"
"takeout-20260223T235336Z-3-001.zip","The Dirty Pastor","PAGE","Start Here: Let's Talk About Sex!","LIVE","238374608232330062","C:\Users\darre\OneDrive\_Coding\Coding_Repos\darrellwolfe\drafts\pages\the-dirty-pastor\2020-09-01-start-here-lets-talk-about-sex.qmd","Takeout/Blogger/Blogs/The Dirty Pastor/feed.atom","/p/start-here-lets-talk-about-sex.html"
"takeout-20260223T235336Z-3-001.zip","The Dirty Pastor","PAGE","What is this?","LIVE","5065020969044773684","C:\Users\darre\OneDrive\_Coding\Coding_Repos\darrellwolfe\drafts\pages\the-dirty-pastor\2022-06-26-what-is-this.qmd","Takeout/Blogger/Blogs/The Dirty Pastor/feed.atom","/p/what-is-this.html"
"takeout-20260223T235336Z-3-001.zip","The Freedom Center","PAGE","Start Here","LIVE","4943330173335576951","C:\Users\darre\OneDrive\_Coding\Coding_Repos\darrellwolfe\drafts\pages\the-freedom-center\2018-08-12-start-here.qmd","Takeout/Blogger/Blogs/The Freedom Center/feed.atom","/p/start-here.html"
"takeout-20260223T235336Z-3-001.zip","The Freedom Center","PAGE","Resources: Autism, ADHD, & Mental Health","LIVE","6083553539127877991","C:\Users\darre\OneDrive\_Coding\Coding_Repos\darrellwolfe\drafts\pages\the-freedom-center\2023-09-08-resources-autism-adhd-mental-health.qmd","Takeout/Blogger/Blogs/The Freedom Center/feed.atom","/p/resources-autism-adhd-mental-health.html"
"takeout-20260223T235336Z-3-001.zip","The Freedom Center","PAGE","Vision and Values","LIVE","8585214048702648637","C:\Users\darre\OneDrive\_Coding\Coding_Repos\darrellwolfe\drafts\pages\the-freedom-center\2023-09-24-eleutheria-vision-and-values.qmd","Takeout/Blogger/Blogs/The Freedom Center/feed.atom","/p/eleutheria-vision-and-values.html"
"takeout-20260223T235336Z-3-001.zip","The Freedom Center","PAGE","Freedom Coaching - Coaching and Mentoring with Compassion and Wisdom","DRAFT","5846913213637171481","C:\Users\darre\OneDrive\_Coding\Coding_Repos\darrellwolfe\drafts\pages\the-freedom-center\2025-01-12-freedom-coaching-coaching-and-mentoring-with-compassion-and-wisdom.qmd","Takeout/Blogger/Blogs/The Freedom Center/feed.atom",""
"takeout-20260223T235336Z-3-001.zip","The Life In Fort Worth Blog","PAGE","Mommy... I'm bored! Things to do for the whole family.","LIVE","2527234034028260749","C:\Users\darre\OneDrive\_Coding\Coding_Repos\darrellwolfe\drafts\pages\the-life-in-fort-worth-blog\2015-02-09-blog-page.qmd","Takeout/Blogger/Blogs/The Life In Fort Worth Blog/feed.atom","/p/blog-page.html"
"takeout-20260223T235336Z-3-001.zip","The Life In Fort Worth Blog","PAGE","Good Eats! Restaurants and Fast Food in the Fort Worth Area","LIVE","6162755956140677337","C:\Users\darre\OneDrive\_Coding\Coding_Repos\darrellwolfe\drafts\pages\the-life-in-fort-worth-blog\2015-02-09-food.qmd","Takeout/Blogger/Blogs/The Life In Fort Worth Blog/feed.atom","/p/food.html"
"takeout-20260223T235336Z-3-001.zip","The Life In Fort Worth Blog","PAGE","Facebook News Feeds for Dallas and Fort Worth","LIVE","4255732954887635133","C:\Users\darre\OneDrive\_Coding\Coding_Repos\darrellwolfe\drafts\pages\the-life-in-fort-worth-blog\2015-02-09-news.qmd","Takeout/Blogger/Blogs/The Life In Fort Worth Blog/feed.atom","/p/news.html"
"takeout-20260223T235336Z-3-001.zip","The Life In Fort Worth Blog","PAGE","Vacation Get Away Ideas","LIVE","4873619374587186059","C:\Users\darre\OneDrive\_Coding\Coding_Repos\darrellwolfe\drafts\pages\the-life-in-fort-worth-blog\2015-02-09-social.qmd","Takeout/Blogger/Blogs/The Life In Fort Worth Blog/feed.atom","/p/social.html"
"takeout-20260223T235336Z-3-001.zip","The Life In Fort Worth Blog","PAGE","The LIFE In Fort Worth - DFW After Moving Checklist","DRAFT","8428652214388721470","C:\Users\darre\OneDrive\_Coding\Coding_Repos\darrellwolfe\drafts\pages\the-life-in-fort-worth-blog\2015-04-29-the-life-in-fort-worth-moving-checklist.qmd","Takeout/Blogger/Blogs/The Life In Fort Worth Blog/feed.atom","/p/the-life-in-fort-worth-moving-checklist.html"
"takeout-20260223T235336Z-3-001.zip","The Life In Fort Worth Blog","PAGE","Start HERE","LIVE","9116747839864106296","C:\Users\darre\OneDrive\_Coding\Coding_Repos\darrellwolfe\drafts\pages\the-life-in-fort-worth-blog\2015-05-08-about.qmd","Takeout/Blogger/Blogs/The Life In Fort Worth Blog/feed.atom","/p/about.html"
"takeout-20260223T235336Z-3-001.zip","The Life In Fort Worth Blog","PAGE","Who Am I?","LIVE","2645649912494163087","C:\Users\darre\OneDrive\_Coding\Coding_Repos\darrellwolfe\drafts\pages\the-life-in-fort-worth-blog\2015-05-08-about-bio.qmd","Takeout/Blogger/Blogs/The Life In Fort Worth Blog/feed.atom","/p/about-bio.html"
"takeout-20260223T235336Z-3-001.zip","The Life In Fort Worth Blog","PAGE","Moving to DFW?","LIVE","7917806864054602623","C:\Users\darre\OneDrive\_Coding\Coding_Repos\darrellwolfe\drafts\pages\the-life-in-fort-worth-blog\2015-05-08-fyi.qmd","Takeout/Blogger/Blogs/The Life In Fort Worth Blog/feed.atom","/p/fyi.html"
"takeout-20260223T235336Z-3-001.zip","The Life In Fort Worth Blog","PAGE","Resources","LIVE","3477089850920043127","C:\Users\darre\OneDrive\_Coding\Coding_Repos\darrellwolfe\drafts\pages\the-life-in-fort-worth-blog\2015-05-08-resources-6.qmd","Takeout/Blogger/Blogs/The Life In Fort Worth Blog/feed.atom","/p/resources_6.html"
"takeout-20260223T235336Z-3-001.zip","The Playground, LLC","PAGE","Resources & Research Links","LIVE","56965057521896389","C:\Users\darre\OneDrive\_Coding\Coding_Repos\darrellwolfe\drafts\pages\the-playground-llc\2018-02-23-resources.qmd","Takeout/Blogger/Blogs/The Playground, LLC/feed.atom","/p/resources.html"
"takeout-20260223T235336Z-3-001.zip","The Playground, LLC","PAGE","Operating Agreement for LLC (under construction)","LIVE","7903873575088449835","C:\Users\darre\OneDrive\_Coding\Coding_Repos\darrellwolfe\drafts\pages\the-playground-llc\2018-02-24-blog-page.qmd","Takeout/Blogger/Blogs/The Playground, LLC/feed.atom","/p/blog-page.html"
"takeout-20260223T235336Z-3-001.zip","The Playground, LLC","PAGE","Contact Us","LIVE","1591035059697162785","C:\Users\darre\OneDrive\_Coding\Coding_Repos\darrellwolfe\drafts\pages\the-playground-llc\2018-03-05-contact.qmd","Takeout/Blogger/Blogs/The Playground, LLC/feed.atom","/p/contact.html"
"takeout-20260223T235336Z-3-001.zip","The Playground, LLC","PAGE","Events & Meetings","LIVE","4270866577128618620","C:\Users\darre\OneDrive\_Coding\Coding_Repos\darrellwolfe\drafts\pages\the-playground-llc\2018-03-05-events.qmd","Takeout/Blogger/Blogs/The Playground, LLC/feed.atom","/p/events.html"
"takeout-20260223T235336Z-3-001.zip","The Playground, LLC","PAGE","What is The Playground?","LIVE","8537862143328749491","C:\Users\darre\OneDrive\_Coding\Coding_Repos\darrellwolfe\drafts\pages\the-playground-llc\2018-03-15-what-is-playground.qmd","Takeout/Blogger/Blogs/The Playground, LLC/feed.atom","/p/what-is-playground.html"
"takeout-20260223T235336Z-3-001.zip","The Playground, LLC","PAGE","Business Plan (under construction)","LIVE","1599141879170860100","C:\Users\darre\OneDrive\_Coding\Coding_Repos\darrellwolfe\drafts\pages\the-playground-llc\2018-03-18-business-plan-in-progress.qmd","Takeout/Blogger/Blogs/The Playground, LLC/feed.atom","/p/business-plan-in-progress.html"
"takeout-20260223T235336Z-3-001.zip","The Playground, LLC","PAGE","Costs Projections Appendix","LIVE","709621924144063646","C:\Users\darre\OneDrive\_Coding\Coding_Repos\darrellwolfe\drafts\pages\the-playground-llc\2018-03-18-costs-projections-appendix.qmd","Takeout/Blogger/Blogs/The Playground, LLC/feed.atom","/p/costs-projections-appendix.html"
"takeout-20260223T235336Z-3-001.zip","The Playground, LLC","PAGE","Financial Projections Appendix","LIVE","4722514394454612880","C:\Users\darre\OneDrive\_Coding\Coding_Repos\darrellwolfe\drafts\pages\the-playground-llc\2018-03-18-financial-projections-appendix.qmd","Takeout/Blogger/Blogs/The Playground, LLC/feed.atom","/p/financial-projections-appendix.html"
"takeout-20260223T235336Z-3-001.zip","The Playground, LLC","PAGE","Regulations Appendix","LIVE","1031873705438180187","C:\Users\darre\OneDrive\_Coding\Coding_Repos\darrellwolfe\drafts\pages\the-playground-llc\2018-03-18-regulations-appendix.qmd","Takeout/Blogger/Blogs/The Playground, LLC/feed.atom","/p/regulations-appendix.html"
"takeout-20260223T235336Z-3-001.zip","To Vacs or not to Vacs, that is the question.","PAGE","Start Here","LIVE","8366285747983530030","C:\Users\darre\OneDrive\_Coding\Coding_Repos\darrellwolfe\drafts\pages\to-vacs-or-not-to-vacs-that-is-the-question\2017-09-05-start-here.qmd","Takeout/Blogger/Blogs/To Vacs or not to Vacs, that is the question./feed.atom","/p/start-here.html"
"takeout-20260223T235336Z-3-001.zip","Topos Creative, LLC","PAGE","Small Business & Nonprofit Resources","LIVE","7742673571384682060","C:\Users\darre\OneDrive\_Coding\Coding_Repos\darrellwolfe\drafts\pages\topos-creative-llc\2019-05-26-resources.qmd","Takeout/Blogger/Blogs/Topos Creative, LLC/feed.atom","/p/resources.html"
"takeout-20260223T235336Z-3-001.zip","Topos Creative, LLC","PAGE","PowerBI Test","LIVE","3935605627729682640","C:\Users\darre\OneDrive\_Coding\Coding_Repos\darrellwolfe\drafts\pages\topos-creative-llc\2023-04-22-powerbi-test.qmd","Takeout/Blogger/Blogs/Topos Creative, LLC/feed.atom","/p/powerbi-test.html"
"takeout-20260223T235336Z-3-001.zip","Topos Creative, LLC","PAGE","Portfolio, Darrell Wolfe BIA","LIVE","6116986182359394125","C:\Users\darre\OneDrive\_Coding\Coding_Repos\darrellwolfe\drafts\pages\topos-creative-llc\2023-06-08-portfolio.qmd","Takeout/Blogger/Blogs/Topos Creative, LLC/feed.atom","/p/portfolio.html"
"takeout-20260223T235336Z-3-001.zip","Topos Creative, LLC","PAGE","LearnR_StarterGuide","LIVE","421599244688147457","C:\Users\darre\OneDrive\_Coding\Coding_Repos\darrellwolfe\drafts\pages\topos-creative-llc\2023-08-08-learnr.qmd","Takeout/Blogger/Blogs/Topos Creative, LLC/feed.atom","/p/learnr.html"
"takeout-20260223T235336Z-3-001.zip","Topos Creative, LLC","PAGE","LearnR_Packages","LIVE","571663315735913691","C:\Users\darre\OneDrive\_Coding\Coding_Repos\darrellwolfe\drafts\pages\topos-creative-llc\2023-08-11-learnrpackages.qmd","Takeout/Blogger/Blogs/Topos Creative, LLC/feed.atom","/p/learnrpackages.html"
"takeout-20260223T235336Z-3-001.zip","Topos Creative, LLC","PAGE","Cyclistic Membership Campaign | A Coursera Capstone Case-Study, Track_1,Case_study_1, Cyclistic-bike-share-analysis","LIVE","6062946645280421959","C:\Users\darre\OneDrive\_Coding\Coding_Repos\darrellwolfe\drafts\pages\topos-creative-llc\2023-08-21-cyclistic-membership-campaign-coursera.qmd","Takeout/Blogger/Blogs/Topos Creative, LLC/feed.atom","/p/cyclistic-membership-campaign-coursera.html"
"takeout-20260223T235336Z-3-001.zip","Topos Creative, LLC","PAGE","Images_Projects","LIVE","2717951121131798557","C:\Users\darre\OneDrive\_Coding\Coding_Repos\darrellwolfe\drafts\pages\topos-creative-llc\2023-08-21-images.qmd","Takeout/Blogger/Blogs/Topos Creative, LLC/feed.atom","/p/images.html"
"takeout-20260223T235336Z-3-001.zip","Topos Creative, LLC","PAGE","Site_Images","LIVE","9103829829489144935","C:\Users\darre\OneDrive\_Coding\Coding_Repos\darrellwolfe\drafts\pages\topos-creative-llc\2023-08-21-siteimages.qmd","Takeout/Blogger/Blogs/Topos Creative, LLC/feed.atom","/p/siteimages.html"
"takeout-20260223T235336Z-3-001.zip","Topos Creative, LLC","PAGE","UK Road Safety, Technical Analysis","DRAFT","5127339724719562273","C:\Users\darre\OneDrive\_Coding\Coding_Repos\darrellwolfe\drafts\pages\topos-creative-llc\2023-09-04-uk-road-safety-technical-analysis.qmd","Takeout/Blogger/Blogs/Topos Creative, LLC/feed.atom","/p/uk-road-safety-technical-analysis.html"
"takeout-20260223T235336Z-3-001.zip","Topos Creative, LLC","PAGE","Privacy Policy","LIVE","5170671702620495363","C:\Users\darre\OneDrive\_Coding\Coding_Repos\darrellwolfe\drafts\pages\topos-creative-llc\2024-01-10-privacy-policy.qmd","Takeout/Blogger/Blogs/Topos Creative, LLC/feed.atom","/p/privacy-policy.html"
"takeout-20260223T235336Z-3-001.zip","Topos Creative, LLC","PAGE","START HERE","LIVE","6325028292046485150","C:\Users\darre\OneDrive\_Coding\Coding_Repos\darrellwolfe\drafts\pages\topos-creative-llc\2024-01-10-start-here-9.qmd","Takeout/Blogger/Blogs/Topos Creative, LLC/feed.atom","/p/start-here_9.html"
"takeout-20260223T235336Z-3-001.zip","Topos Creative, LLC","PAGE","!RefLibraryFor_Python_","LIVE","2407421089449035814","C:\Users\darre\OneDrive\_Coding\Coding_Repos\darrellwolfe\drafts\pages\topos-creative-llc\2024-08-20-reflibraryforpython.qmd","Takeout/Blogger/Blogs/Topos Creative, LLC/feed.atom","/p/reflibraryforpython.html"
"takeout-20260223T235336Z-3-001.zip","Topos Creative, LLC","PAGE","!RefLibraryFor_R_","LIVE","375840098121125581","C:\Users\darre\OneDrive\_Coding\Coding_Repos\darrellwolfe\drafts\pages\topos-creative-llc\2024-08-20-reflibraryforr.qmd","Takeout/Blogger/Blogs/Topos Creative, LLC/feed.atom","/p/reflibraryforr.html"
"takeout-20260223T235336Z-3-001.zip","Topos Creative, LLC","PAGE","!RefLibraryFor_SQL_","LIVE","5765188321171264785","C:\Users\darre\OneDrive\_Coding\Coding_Repos\darrellwolfe\drafts\pages\topos-creative-llc\2024-08-20-reflibraryforsql.qmd","Takeout/Blogger/Blogs/Topos Creative, LLC/feed.atom","/p/reflibraryforsql.html"
"takeout-20260223T235336Z-3-001.zip","Topos Creative, LLC","PAGE","!RefLibrary_qmdDocs","LIVE","4676234232910871846","C:\Users\darre\OneDrive\_Coding\Coding_Repos\darrellwolfe\drafts\pages\topos-creative-llc\2024-08-20-reflibraryqmddocs.qmd","Takeout/Blogger/Blogs/Topos Creative, LLC/feed.atom","/p/reflibraryqmddocs.html"
"takeout-20260223T235336Z-3-001.zip","Topos Creative, LLC","PAGE","Freelance For Hire: Expert Microsoft Excel Assistance for Your Small Business","LIVE","3596396729930096012","C:\Users\darre\OneDrive\_Coding\Coding_Repos\darrellwolfe\drafts\pages\topos-creative-llc\2024-09-03-freelance-for-hire-expert-microsoft.qmd","Takeout/Blogger/Blogs/Topos Creative, LLC/feed.atom","/p/freelance-for-hire-expert-microsoft.html"
"takeout-20260223T235336Z-3-001.zip","Topos Men","PAGE","Start Here","LIVE","1102713204010279687","C:\Users\darre\OneDrive\_Coding\Coding_Repos\darrellwolfe\drafts\pages\topos-men\2017-08-31-a-darrellwolfe.qmd","Takeout/Blogger/Blogs/Topos Men/feed.atom","/p/a-darrellwolfe.html"
"takeout-20260223T235336Z-3-001.zip","Towdah: tō·dä'","PAGE","What does Towdah mean?","LIVE","5909554066287407155","C:\Users\darre\OneDrive\_Coding\Coding_Repos\darrellwolfe\drafts\pages\towdah-t-d\2016-06-04-blog-page.qmd","Takeout/Blogger/Blogs/Towdah_ tō·dä_/feed.atom","/p/blog-page.html"
"takeout-20260223T235336Z-3-001.zip","Towdah: tō·dä'","PAGE","Start Here","LIVE","265396957067299139","C:\Users\darre\OneDrive\_Coding\Coding_Repos\darrellwolfe\drafts\pages\towdah-t-d\2016-06-04-start-here.qmd","Takeout/Blogger/Blogs/Towdah_ tō·dä_/feed.atom","/p/start-here.html"
"takeout-20260223T235336Z-3-001.zip","Wolfe Family Conceptions","PAGE","The Home of WFC","LIVE","774275136694616188","C:\Users\darre\OneDrive\_Coding\Coding_Repos\darrellwolfe\drafts\pages\wolfe-family-conceptions\2014-04-20-the.qmd","Takeout/Blogger/Blogs/Wolfe Family Conceptions/feed.atom","/p/the.html"
"takeout-20260223T235336Z-3-001.zip","Wolfe for Office","PAGE","Start Here | About","LIVE","6109227482312067029","C:\Users\darre\OneDrive\_Coding\Coding_Repos\darrellwolfe\drafts\pages\wolfe-for-office\2016-05-29-gods-core-platform.qmd","Takeout/Blogger/Blogs/Wolfe for Office/feed.atom","/p/gods-core-platform.html"
"takeout-20260223T235336Z-3-001.zip","Wolfe Testing","PAGE","Start Here | About","LIVE","4219242500650854758","C:\Users\darre\OneDrive\_Coding\Coding_Repos\darrellwolfe\drafts\pages\wolfe-testing\2016-06-03-about.qmd","Takeout/Blogger/Blogs/Wolfe Testing/feed.atom","/p/about.html"
"takeout-20260223T235336Z-3-001.zip","Wolfe Testing","PAGE","Book Store","LIVE","8169814756235171026","C:\Users\darre\OneDrive\_Coding\Coding_Repos\darrellwolfe\drafts\pages\wolfe-testing\2016-06-03-blog.qmd","Takeout/Blogger/Blogs/Wolfe Testing/feed.atom","/p/blog.html"
"takeout-20260223T235336Z-3-001.zip","Wolfe Testing","PAGE","Suggestions | Resources","LIVE","8896758555139965365","C:\Users\darre\OneDrive\_Coding\Coding_Repos\darrellwolfe\drafts\pages\wolfe-testing\2016-06-03-more.qmd","Takeout/Blogger/Blogs/Wolfe Testing/feed.atom","/p/more.html"
"takeout-20260223T235336Z-3-001.zip","Wolfe Testing","PAGE","Contact Me","LIVE","1726726267777406876","C:\Users\darre\OneDrive\_Coding\Coding_Repos\darrellwolfe\drafts\pages\wolfe-testing\2016-06-03-test-2.qmd","Takeout/Blogger/Blogs/Wolfe Testing/feed.atom","/p/test-2.html"
"takeout-20260223T235336Z-3-001.zip","Wolfe Testing","PAGE","Home","LIVE","4421087952353641313","C:\Users\darre\OneDrive\_Coding\Coding_Repos\darrellwolfe\drafts\pages\wolfe-testing\2016-09-12-home.qmd","Takeout/Blogger/Blogs/Wolfe Testing/feed.atom","/p/home.html"
